,bust_circumference,waist_circumeference,hip_circumference
0,768.998016338705,629.0581695012074,877.5242655800731
1,780.1172655596333,657.1600035250186,849.754347196501
2,918.5460991040101,799.4427138560465,974.4616672111205
3,892.7753722713444,768.8355198115582,959.8224133119097
4,871.4149486917808,743.5604047313183,947.095379447587
5,800.2436048624268,671.2681905085005,879.47356855935
6,771.7448414181971,641.7477414385957,863.0737070211471
7,907.6850290842663,815.6479114524118,900.7252192993344
8,822.0118641071427,693.9150076128277,892.7649444267975
9,841.3488254498136,703.1799707582136,936.8162599633081
10,866.4012126676481,738.7518886221917,934.8881325116207
11,854.9819614737183,728.5622242646122,928.2393814514814
12,798.402415695961,664.7350059618581,894.9363560939066
13,1018.1199122343144,926.1603950845667,1038.5360885371226
14,1013.3480136053427,926.9562475004952,1014.3085459687438
15,1106.2923988448947,1042.8336916782964,1105.1079281469054
16,859.7915252883607,748.3344573655351,901.2038260881492
17,883.1159269972775,787.4830522167135,894.2793489590097
18,824.3761936944603,698.566012635303,891.0242355610371
19,926.0912704244593,819.6090649458713,951.3789194898197
20,1096.6978942681926,1029.7124430932452,1095.807109776398
21,928.279751664367,817.1590372486628,960.5384788197196
22,859.4832712557927,758.5436176778596,882.4905517511031
23,777.451418307544,651.8543277777467,844.5584481688695
24,1022.8071995009994,928.8478961361529,1053.475618444394
25,808.4385211095928,688.0742075673722,868.1482436778342
26,912.3874911942955,821.739431901307,902.3646274712877
27,944.8891941346553,839.3040610140471,969.6615245645903
28,916.493184314056,860.1714282368496,840.3455404935116
29,981.8467642412154,878.0558279065424,1006.4094442958788
30,840.6696852930917,712.588374004639,907.1768369692792
31,939.5403122015541,828.7803900336612,975.8406339223836
32,915.6213129949383,804.7083130871295,953.0833142254778
33,949.7978488298104,848.1634156604953,969.1162580961533
34,793.0925050704924,659.2467779705754,892.6192694333822
35,945.1810539637167,843.4813161174112,963.8613797088216
36,855.2600357047938,732.0154522953765,921.5519913818156
37,945.3637174112878,830.257286857259,996.0252926132292
38,1010.6761755764189,921.7313649795018,1019.3050024712916
39,1024.357168774727,929.2534869916165,1060.6099544318802
40,929.934365358167,816.3952263773245,975.7487114443451
41,961.9909831056624,878.2606951006802,945.1014033984499
42,813.7917153645283,687.114045304784,883.1527529472103
43,998.6199484407002,912.959839831311,986.9696056495914
44,848.5138393520383,724.6324083950681,910.2118742972212
45,844.8070964137567,757.3018939762261,834.8046533275349
46,900.2379006831037,773.4030576221737,968.3121477792781
47,1057.5039376206162,981.6549856290101,1050.2044361692
48,989.8117346733466,894.4222220544075,997.4184454882239
49,865.7382659925948,769.9391370192711,866.3924441724052
50,952.9108486701479,858.0150668740462,953.8221179051097
51,889.6550366459929,773.1348214715433,934.9434383377678
52,874.9356649752247,779.151640048058,875.4551960737363
53,852.9800005647489,722.0493272590672,937.5503527523033
54,741.5184835011518,617.3290174756099,818.1309622096376
55,848.6068066326931,721.1550152246235,914.4199206998646
56,763.3731333261583,633.7212122854966,864.9886700936846
57,782.1560060164175,663.1908318470485,843.8196879595588
58,802.6390135684651,692.1135734756801,856.2385506177586
59,962.3792548913643,871.5927818707996,954.388124670969
60,921.7977177952336,809.6866515546844,961.4185593407374
61,852.3797115734615,757.0094750225451,869.140170038169
62,775.0943895771381,656.3863490614515,838.0123872265518
63,912.3593661867226,812.4409937789865,928.1190875787559
64,906.330404593493,795.3440488626602,943.2991368354612
65,933.5307246764678,841.8020937881449,927.8004134432941
66,877.9291269193254,756.8192166274441,930.203061422301
67,832.3122524696101,707.6364431498538,894.1397824895671
68,896.9120039153922,779.243512440909,946.9029207268654
69,845.5426699074302,728.180496808529,891.5444011293579
70,1001.6761857776717,901.5565936722933,1023.5855356515284
71,1105.80854124176,1055.4825098292993,1057.5529874496535
72,824.9474783209697,701.164578322236,899.7869832609033
73,816.5689486979069,683.7441263245182,887.5635290643689
74,966.1751468058459,882.5305533686956,946.4796350656111
75,969.0412061590866,853.2791025308318,1021.6426298031404
76,844.5769560017877,723.5777961289638,897.5017281993835
77,959.9708233902243,837.3082753176809,1026.294250159139
78,833.7700726667968,712.822866009079,895.4270899275535
79,814.7431944903926,693.6782899024823,881.9482519280466
80,821.6608646343361,692.8265228087644,904.944666000027
81,876.8799515783019,749.3007860435482,943.3931788355242
82,1034.1071836352671,934.5145824924284,1070.2586034552312
83,901.4454657414016,824.0227093612214,892.111466751901
84,895.3714515573645,768.4634877455874,967.2310851687862
85,961.0702598585127,853.8891963263834,1000.3965444646898
86,778.0084339814356,648.9767760134872,872.7452970828756
87,798.9778181914262,671.6196029104357,885.7886351394282
88,890.7569971738099,783.3240711114074,922.0782881243523
89,1029.9245411059214,927.8468369340133,1064.9132010706744
90,972.0056702004632,869.8725299143691,997.2296959981338
91,815.6828508610084,684.2415384759692,894.4296100861734
92,856.3299186343538,725.1902114358927,938.7322515669883
93,869.6125483809353,757.8320917232156,907.1293088792148
94,875.0270086597435,754.0001354250846,922.5442284892908
95,858.9930488346008,740.2063696856708,911.4903360907396
96,855.1636565976221,720.049801527886,946.5896294265137
97,784.9985228004508,648.6818214153924,890.401786808772
98,859.494837094043,719.972252896652,958.2347960526603
99,932.1101855716281,820.0934328556089,972.8172690878848
100,776.1224436664853,643.4851218844472,877.0346037684599
101,914.906938469055,798.3020877233255,965.1354874381036
102,960.4940686962284,865.2209870800666,969.0316624256288
103,872.1907495831862,768.5611152041046,887.0496264864149
104,972.6050500135026,892.2052654178065,944.4198714971516
105,911.5008529633699,804.0016658091188,936.5897393769352
106,834.8396920756705,697.5039651580961,931.777298330967
107,923.4743748399037,830.077852717372,926.7106119428394
108,979.7460520559496,875.7960639074847,1012.1210625662484
109,864.4853143309504,769.9122663948423,865.3304459754007
110,872.7445658492796,751.221534424534,936.1026725920416
111,1199.6195156388812,1177.3501562354659,1159.0375842012945
112,928.406552668563,806.6703050578054,990.169021723447
113,836.6875323737653,711.5222164907921,898.9679998794517
114,761.9933898804455,630.1339414510177,859.678375010443
115,835.0777683075383,731.9190837034114,867.4489023774807
116,819.7236988469909,684.4872659922744,915.7930443360019
117,784.3937532463145,647.2484857938658,882.5754191489242
118,904.9053819278524,777.6337927668967,981.6082910857464
119,862.3111402012449,738.8121108848906,928.594098383206
120,875.7511842065909,734.6782857023309,974.7195284112581
121,783.6785796282312,658.9659533625784,845.6518257483222
122,836.5970934315029,709.7574008601447,913.5903136043845
123,818.5054741571469,692.9492084912636,883.6216643651384
124,825.1976610761773,696.2117120953864,895.2758038976592
125,930.0073130700866,832.0373976814301,937.5205377824574
126,757.1479708259795,632.7547046622101,844.6073098219911
127,847.5086308394466,725.8436610907863,902.0724681873064
128,820.9239470326957,689.7393380775695,908.480816442646
129,881.3165029130512,771.073248244611,920.2642468031851
130,803.6463210302971,684.409925950753,874.1687406175943
131,796.6169100838177,670.393154798227,872.4358323923321
132,889.3768487878568,765.8286742273715,950.4695288420826
133,951.3906550441199,839.4649417759032,1000.5573590056661
134,935.6486763324554,836.7549899960645,946.4977383387767
135,1097.0147354992846,1027.441314704035,1108.2711243541803
136,924.8059186582555,826.3280430679913,931.8879600064214
137,846.6379882001141,716.7169743387881,926.6691077316335
138,861.417640616911,729.7802610058395,944.4836436502325
139,863.1274844864279,737.1132578993913,928.8532391988666
140,964.8038259409013,871.1830651953633,964.3787416171796
141,928.8817032741706,826.3800826730155,946.3653181969223
142,919.3704078138272,804.0144193440801,970.9975087083575
143,871.787736120396,763.5246870518424,905.7243148479771
144,1044.982073781568,958.0538921383154,1070.716926888137
145,1033.1380244574057,963.7687148985437,993.4542058551721
146,827.5421041085433,699.8180727453747,897.1243999201861
147,1021.7480953732447,936.4060984639791,1024.2604020317501
148,888.241541855564,763.4088045850812,951.6196963589231
149,883.6315169325887,757.475522724593,958.2263223653973
150,840.3173239130738,709.6443071580816,914.4161608800498
151,801.8955891236224,671.1058759082723,892.9542092200595
152,744.5003047672295,621.098013991817,818.6691889275705
153,781.785309268352,650.6202554549286,880.2356132294725
154,796.7158824560091,662.8188517820819,895.4425447770225
155,982.7288742140091,887.7658978368904,993.9375596103835
156,816.5701140157068,695.6214182069855,886.2084926773351
157,875.3626296817805,761.3202373258396,913.7257628153401
158,809.684435923802,680.7873863986773,896.2639575395131
159,880.3988694133783,752.0747544006748,949.9248857748446
160,887.2238352738896,769.7359832540809,935.8068936857065
161,914.2277708102237,797.0775797640321,964.059777550268
162,934.0581832556312,851.8594354496593,911.9507305451301
163,834.7673553349532,701.855679742467,922.2465191053285
164,800.4671297982316,662.1764547957488,904.9827025260323
165,804.0172706861038,694.3709483919471,832.3830347001154
166,949.1635181722606,867.2565657029108,919.7026274019471
167,819.622388049875,688.4670900765382,895.8036413655742
168,844.6625640651878,717.4878847977811,910.4167360660962
169,958.6890209976232,853.6584382575755,985.9949283120552
170,931.3134429401363,836.2148400300641,931.7981748580168
171,797.2242686183101,670.4407458140072,884.8686509043949
172,773.608922314256,653.3082187558496,840.8619503504563
173,950.5067517782943,851.1053691263469,960.0818495981266
174,989.1387473786635,902.2807891104474,979.7410068626118
175,1080.3099006673297,1009.3788818774183,1078.54326804184
176,839.5993329036608,734.3797190895561,861.8229274780407
177,849.8667621867233,719.2547946948793,933.955759226996
178,813.9360399996028,693.0022592302267,870.8485631653168
179,910.3537829785187,800.1631956536537,946.1834920176933
180,917.3627852825657,804.3122428890556,959.2754834533446
181,836.9775330941467,716.6827110869835,898.0149705223365
182,848.1592788850273,722.3818076911673,916.334258828006
183,1020.6702544553468,953.7858234547356,987.4432712728335
184,791.8987505261498,669.4746697368967,856.7810475611144
185,939.5076038283726,845.604770762053,933.9412833434876
186,954.8928918492865,863.1354688960643,950.3902360639111
187,1120.0060676798967,1069.1914625823786,1088.861842676337
188,860.6595032002878,728.3078617855623,944.9935731155488
189,896.187857432908,777.8112839320445,949.7729302894714
190,832.4940417586688,700.046384172497,909.7824596418216
191,870.8787106854902,751.1316543067778,921.5441623818217
192,875.3086385882268,753.8950790441315,937.1165783522999
193,861.3142643021204,749.9935541506984,892.0512585533946
194,800.6182168444612,666.5612120329243,897.0239844349377
195,955.3551034325269,878.8425275353525,934.3016824513835
196,879.1103767626627,769.4343796680367,912.8073611858775
197,866.7566799045012,744.998603901495,932.850916822469
198,1009.0409472842231,917.7053656259361,1024.0860586699189
199,886.5738842911658,766.4514144656489,940.3245819919222
200,999.1335906158613,907.7310068780434,1005.7136221082669
201,1236.0017341566722,1214.7631442871284,1265.0040106860806
202,990.9729063261435,892.8235419709531,1013.9523358455026
203,868.6398056861212,738.1363654867347,951.0677479690346
204,1030.4505213399584,964.4110044746953,988.8897673915385
205,1022.0677748790359,931.4129294249872,1021.5661790626076
206,860.3146014935346,732.4359705264292,934.1001317506074
207,930.5541719811831,841.2280294371742,920.1423435912834
208,918.2894055572533,801.4981436756915,966.064109733896
209,900.6842591573215,789.9185607757959,935.2782081975573
210,875.6121552580998,741.7437069837824,961.8166276390933
211,813.7894541176049,687.1566098043436,897.3806074376063
212,927.9032151467343,833.873764456505,932.4251410082663
213,725.7568114218282,604.6339254777348,822.4519659977536
214,918.251733712368,826.0678449826192,914.2681229998036
215,866.4140276741166,731.2781472340887,955.1588577516784
216,973.0266476488222,856.6109418452136,1041.4844544581197
217,1044.316212422495,948.3694016114132,1071.48009843276
218,781.1087971211699,657.7449016330521,842.1880608213338
219,840.081509014133,706.7552674467539,927.473184507762
220,896.0159221645129,804.9556331221518,887.1076727649016
221,803.2876245803618,682.8103861107962,861.7493332466613
222,770.3887804319568,652.8522906838775,822.1381122619774
223,989.1176790634693,881.2174094343742,1037.9866356845587
224,935.3310460978485,844.0094495793608,929.2224391822111
225,764.491740310522,637.1073076654775,854.3566639187541
226,1086.3083516710717,1020.9403616252821,1071.4635561160226
227,789.2760304004908,659.3962158680881,882.2039310481518
228,948.5939726342172,837.9643866561828,990.6990326827794
229,999.6360622711703,919.171035856753,979.5410931153929
230,788.7858073309716,684.3118309419249,838.0988542012225
231,816.810009974606,690.2389827012785,895.2734449183826
232,844.1725488887819,708.8711083825214,934.5391811650528
233,871.7155691968012,740.3576308112582,950.3291556027508
234,983.4026641205302,877.8238884021766,1023.8884328403765
235,817.6492670273086,681.5374922831846,912.4663134089913
236,806.1948174808238,677.4473756425881,891.7172856441932
237,798.4833706660387,664.5145252611378,886.6445221326483
238,924.4952457689434,841.6347124211427,900.6957563140274
239,871.610505390504,751.2243109961755,924.5166873349934
240,982.3078339190068,890.8895708969476,979.954976867434
241,884.53265362202,770.5655064905679,929.0593073647474
242,1002.5992290038038,916.0483172022867,993.9267377288799
243,961.9948004620791,876.0368844459911,943.1065817761288
244,902.4977244359619,778.1133637888073,969.9052423084408
245,773.4565650572166,646.895373331148,866.3284973891084
246,849.1708554156376,737.9625152385977,884.8666242076035
247,889.5072208621617,766.5967751676898,949.2778548089838
248,1006.516957389385,904.3973808524336,1050.0405181767592
249,1027.2010240491172,945.4934705904224,1019.2144489205871
250,873.0886614210541,752.0506548199197,927.2126289895766
251,784.6524813941224,659.4819776596036,849.2295950836063
252,844.188424436457,722.1036120999026,911.9647223624225
253,759.9574692681948,637.4742682535491,852.4570847978385
254,825.2742948564468,702.2097535713865,893.0273683735103
255,847.8771768167647,727.4992505900551,903.7754252852536
256,921.8805243738285,806.066935521038,971.8381516545633
257,809.9201811871849,671.5363743525554,911.2812677633084
258,850.3601804624509,720.7694088147363,930.082926542604
259,936.8729665537089,823.9076686542357,984.705446920631
260,802.5157809936862,670.8412391933764,894.7831437051182
261,859.8538501207166,737.8552938128798,927.0875893982195
262,853.7184975494268,766.9709019736804,840.9025970199939
263,760.5920838494188,636.3820555776379,847.1366956266567
264,1116.2375714225302,1055.575747065184,1080.5860371351678
265,893.6486600067864,769.5928691640852,957.8253169329946
266,791.931683423846,663.5487840320344,872.6564531178873
267,779.9002207125703,648.4668015071197,877.8445460910638
268,878.9236883287152,777.9069509327629,899.3213170014717
269,775.8056928202827,642.6631885416947,870.6556524011789
270,966.3591745835839,868.8412089985388,975.35053867074
271,978.0454252473039,872.0754363197432,1015.5378563039234
272,776.3280697642533,653.3810085393579,861.7837659131416
273,879.2993257696306,759.8922512758686,933.7217822159524
274,819.9253084184728,693.1603566206755,886.8771959096497
275,1082.9682963787875,1018.446326750386,1043.5995241511268
276,881.9818263462441,760.9326403965423,938.091311279919
277,917.763472782701,804.8227120716418,957.1342501211753
278,957.6396567430053,851.4315572462377,987.460030120649
279,837.925648042299,712.3016432935925,900.6496417154966
280,770.3136298699291,644.6204882786892,854.4505777865616
281,921.3144508563723,829.1311225818301,923.0756693355609
282,912.2232582703225,810.5936844933528,931.3290257284624
283,802.4576298620963,675.8848126010353,873.3667455086694
284,813.3151736805711,688.1820629140772,880.4099348774686
285,913.6712023901421,813.5567693019309,924.488108094907
286,861.4888134316498,741.1371588808561,911.8009395116321
287,864.9716794132573,730.069017456082,952.3570260052612
288,911.0079333859819,785.9336997532314,975.3596481342568
289,1012.360107345718,920.1550233397242,1027.159764040401
290,780.2898836228528,650.9642518922325,874.2880091973246
291,818.028382094879,691.0891344663353,885.3007493021363
292,837.7495334383425,700.4523973674109,934.5148289124978
293,943.8530711704243,840.0548223115409,969.7424502972402
294,831.8432401022515,706.7506401729158,894.9093538288394
295,917.536232404208,804.2192984730332,958.3462339425278
296,802.6367224168863,670.1594111063303,896.3192437401623
297,895.6775716764685,800.2850052234085,895.7822004978551
298,951.7845451151095,869.9065444126943,922.6881867969081
299,983.5150668339236,896.2101403662107,972.6155957121185
300,1016.8987650877576,929.4364467274808,1025.0442848800392
301,800.1641576228144,669.8315061695301,869.5471529343791
302,1025.4061017427211,959.0830443186968,981.8623874458448
303,868.0994374503151,740.6096440076927,943.3811946884658
304,908.9994020017922,787.5664745889832,968.0678662617088
305,831.459056201507,703.0915297340415,901.8171527874524
306,949.0968161329888,867.7135636503374,918.6562190334637
307,757.3878333198373,625.4449128685981,857.6416044092368
308,849.7183900923536,729.3498880359173,909.0697842135418
309,817.3550045937069,688.4451873391235,888.4614886279559
310,834.7483730771522,737.4485831298686,857.7377024172229
311,832.7489625048626,710.0991242304246,891.3506059306412
312,1037.926003982676,974.3357697491699,994.6102284398573
313,1031.9698451835911,947.9819277634047,1018.7248398357978
314,1010.7302608567809,925.176948935451,1008.4334844578082
315,768.9794971909693,648.2933992216986,846.4040368202446
316,970.7629176528282,878.032627828203,968.8935140656871
317,831.6551524371839,711.8965263238084,893.2502567541503
318,887.2396636207773,759.8219629034625,961.5706730417248
319,893.8193331089302,766.5358956431348,967.099678181736
320,1018.3980384072322,926.8962344893052,1025.0792164293653
321,1029.8389846658424,947.9490002665036,1011.1331344851887
322,851.1436335746222,729.1785935531758,907.0446417054779
323,910.6204196496025,803.4890483727397,937.8725230183816
324,948.6311705434005,847.6487559308841,960.8839433487343
325,783.7322041403124,662.3646561302091,841.0506917054063
326,1056.38991328501,971.8340359611714,1083.2786997342482
327,813.8573248174047,688.737128973009,878.2847696114475
328,923.4588694888387,813.1321002722167,960.6346749551734
329,811.629436640276,680.2214749933415,903.2220862495845
330,880.0813298336718,762.0848352015479,927.3096957381243
331,945.758441595186,845.2529813104409,959.8168243773835
332,798.4113697033456,659.2351096600855,904.9906701835034
333,948.5587185278586,867.1565981168467,918.1543857684052
334,726.7941259461525,602.6960057005006,828.0641675126647
335,943.5890266843951,821.7400519676867,1005.12706919538
336,1073.218585658047,994.1341553973439,1097.3122391543616
337,888.1071189217043,805.962852337501,887.9334541619312
338,909.3365889602501,822.2076177640683,902.8261371172326
339,876.2540477596846,761.2823950965966,927.4733807799847
340,861.3929124409141,769.5571347242704,856.5323728861908
341,840.4569985730236,712.5814653420396,909.6940159000101
342,897.4600930711159,779.9313166282069,951.6655121697829
343,848.2968832664238,716.47081797952,930.0165343335457
344,776.5190161440548,643.7427406654483,878.8849115490856
345,848.0594563488582,731.1494108090266,892.6804405329074
346,898.0578572332483,795.8557386392274,919.3748694691016
347,764.7069347271556,634.4979860406966,866.7078833016502
348,828.1899414332623,702.548194080131,899.7372576475104
349,913.4343673930272,791.8196502370595,973.6756202709979
350,961.1986997637997,867.5439242451657,959.503729104293
351,988.0708181056335,880.7573077310208,1021.2333945928152
352,927.9036822501039,814.6551298659422,970.1540512080562
353,1101.2893983473866,1029.5664264944376,1125.2595100698315
354,817.0596487482,686.280093277183,906.3571877231437
355,1007.3436463642921,924.3284481731464,996.7381667748039
356,898.0416123520184,780.6666932485721,946.2127181313913
357,965.4812429297176,878.672631618052,951.608756679744
358,878.7036484756671,749.5182366469072,958.4609192277359
359,949.4463768954713,841.81701633425,986.6820722879663
360,841.0538257787227,717.0602580273409,901.2617845562477
361,836.9450524816783,720.7877456502318,890.4983640946834
362,852.8957725645694,730.2321237002304,918.9670237432133
363,901.007256730726,801.779731056087,916.800005482387
364,949.537331658604,828.5674210482246,1009.4897759475457
365,851.39980189787,709.5799544367108,952.046270835815
366,995.2647760554921,909.4559604026709,985.9566849012783
367,958.0928946693991,846.3703714481188,995.0182723259313
368,883.5188250552682,772.7025977731978,916.6267792223296
369,918.7765165116518,801.8990747139658,965.4978449915396
370,774.4012358334824,652.2496321096968,835.4627437835189
371,934.6950268440618,855.9701602548984,918.0839103924056
372,912.0763917281971,797.3037771476147,958.1987304330992
373,852.7215873161518,765.6398200709123,867.2756184777958
374,841.1814288003527,720.3278401611014,898.266589780367
375,877.4529733342137,757.0157818680009,932.9954809726333
376,971.1700572395644,864.258481972031,1008.0690766223374
377,789.7617258680912,654.2308012738702,892.5197990914072
378,895.6657571476803,789.0574874846126,924.0673211504785
379,1032.58237759112,951.3403504514068,1020.6702794972914
380,852.5976406340387,727.6999053959464,922.3438972521636
381,845.4179993753934,725.5603351766011,897.9911343265949
382,871.693939435583,756.9599478328641,917.5090962866424
383,847.306983521698,726.3353916258295,901.9356130357523
384,839.4850440009382,707.312047546392,925.5529360738074
385,862.4008884552561,771.9294515141502,854.5822856045044
386,859.6442731551447,737.9272378176553,917.3351756756917
387,918.4414656565825,826.4153351084415,913.914846253435
388,979.7123375837855,884.343125671091,985.4562421120794
389,793.1541787304683,668.3566328935332,853.6013743504936
390,1053.0646887781147,977.6681804190999,1047.6943710205571
391,886.9730150622355,765.4434720730688,945.5797932155341
392,926.8482551559277,810.8855297520552,976.3189285246676
393,830.5289950296622,689.3326550498642,934.6493102997607
394,767.8287956452303,632.4260881762467,868.7595436610984
395,938.1731160007632,844.7463239150313,937.4989393762112
396,854.1856671613746,722.075509567871,938.4153425506076
397,836.2086459785447,717.8600078174632,897.6101372439102
398,1044.7739439061186,939.7645434406923,1102.5017325931376
399,821.858010527049,694.9300558007119,901.9179138065991
400,879.2091981335973,753.6978824847163,947.7668881690653
401,905.270668747052,791.0945196752095,951.8371063594794
402,870.0812573440918,769.574158220403,892.0307701465904
403,900.047164909939,787.0062627475821,939.1321387004939
404,833.9263901047455,727.289627820271,873.2191990385334
405,828.1038165171924,701.0249000041347,901.6695229926924
406,883.4197382653147,762.6118844827843,936.4890906923249
407,807.8675172319874,681.8854987450821,875.2876082457472
408,1051.2058989388088,972.3658071189311,1032.3859653321945
409,938.7677940426536,822.086216455679,988.9436348338085
410,830.3502190845848,704.4743087282462,894.8832231340429
411,859.8938892531534,740.4108394435043,911.1822883360819
412,996.4981429793248,891.970700384285,1026.5227797462405
413,925.1086245606512,816.7338589181395,958.6522494887572
414,935.8539692660763,855.6543691587397,908.1023425535108
415,786.6658066349717,659.574348620454,875.2377104751321
416,890.3577751324543,761.6220759250566,967.3013023504277
417,911.9487440783578,818.2831602343874,916.4221832100831
418,874.9151376042589,764.207158834281,907.571803316374
419,948.6307571013756,836.4319107068497,995.9633293072052
420,792.3905666741382,661.5506836201295,876.9986196826137
421,892.7661385423436,765.641705899151,963.5989280206933
422,859.5761739945917,754.3272502468856,890.251104924703
423,871.3519965796171,750.0233381044204,926.2362300815225
424,876.0957823599836,754.977694745775,933.1203742371163
425,846.8989938097847,718.5922774048673,919.5840540945062
426,1015.6701998542703,921.0330328559268,1043.8102208198175
427,977.0357351500065,909.837565472998,935.3781106883047
428,768.2881332510482,641.2739215648055,855.5350530223595
429,825.1134096080611,693.2137728193667,913.0239928614944
430,887.7292429695563,765.9373454259592,946.9062966725954
431,891.4884940490294,775.8822751129078,942.1455066566997
432,769.8033064396167,666.06196445814,817.8804308585209
433,924.9052941846339,830.0856585000665,925.6580455313733
434,969.2464445416038,885.4612101516198,947.4690600198554
435,948.5892243877987,839.6635008933158,986.9332641127116
436,917.4297760045189,822.2864189164452,924.1679928607973
437,801.2887325618697,678.4360992668696,864.9573604870894
438,779.9251018387992,649.3317865950645,876.5953981483987
439,952.3359982425901,838.8538761238626,1002.9640724868652
440,957.8522865424889,854.2482685047512,978.3970481919324
441,982.1176513820061,879.6194007914168,1012.6106272117013
442,1010.5952624668025,922.2128119709264,1014.6514747080934
443,930.8522314250605,828.4424372299252,947.7280808939506
444,824.3649802074848,695.1431087411734,906.8686565572933
445,986.6427931022104,888.9942246359305,1006.5953153264313
446,969.5691217485727,865.7240972344769,999.0797671566977
447,897.0925435295588,784.0917032609927,929.4753359094227
448,1078.6647448117437,1011.5045459192381,1063.1277716450124
449,934.8127434699475,831.9724334731669,957.0743517678138
450,962.218829985932,854.1027751082061,998.5730001652483
451,890.9269049857716,788.2230830298774,905.1151337018644
452,850.7315961164119,739.6030167968199,881.8916926737191
453,904.514963151378,804.3118844728313,921.6946179671717
454,934.3371786495057,859.1382307839408,890.4270533235356
455,872.4949543577287,736.5948085002947,962.3462169904863
456,913.0434807333928,800.7365641539549,952.48829167254
457,946.6873542429679,852.8586576068668,948.2688244720994
458,825.7080228490973,706.4824726101214,881.7147598679288
459,918.753551831411,796.2835902774002,978.6688161200011
460,894.174277108023,761.7362799349057,980.2268515474276
461,826.5122631883197,705.6903884800034,884.8219381500496
462,908.136326787094,833.9337437141734,868.5612093969955
463,877.0091265145235,755.0991281705066,932.8721204279856
464,1024.6099877478237,939.6981680277972,1026.8354145705632
465,853.068595911035,731.8233279625845,906.1471498810733
466,820.1545496197116,686.5428033179112,913.5659182955824
467,819.1083356626887,684.175875689018,914.8017424490331
468,901.7640481685456,795.1535375589964,927.7080032626495
469,969.3487194609564,868.7833701840735,989.2160371271627
470,811.3684004488355,671.760929175457,915.9506514706925
471,825.7729043214449,703.0627933645156,892.7097903044648
472,913.8563055203343,836.8505746849362,891.5462428504047
473,965.9438196963972,867.8695009247069,979.4134108075028
474,769.6997827243175,641.7521128078616,858.4089578637952
475,882.6928146288201,790.0015802918836,888.8108363687763
476,906.6756727658471,800.9431277516732,934.1229480491646
477,960.2339453172111,861.224541278973,971.8280418621305
478,1023.6821885470611,918.0645940975467,1069.9771293145568
479,881.5523178620232,762.2357896081585,935.4675578353475
480,834.8791300936326,710.667113802534,896.1824586185564
481,798.0330248932507,664.2715708737137,896.0266569360502
482,877.6256608485203,773.9654915114928,903.1744895104939
483,957.3295106269804,867.0522986465696,949.6324536002747
484,912.0107721658792,787.1826984886466,980.1486424796734
485,899.1924544521223,798.9713107618036,908.2165429944874
486,806.0539937878407,709.7364479508988,836.122048121556
487,1025.9244269936194,943.6773907487683,1022.4938647729296
488,1040.2604927652533,963.0946868823182,1031.435257337729
489,762.4091464661716,643.3182246997976,822.5058675613254
490,1061.1310824745992,993.9923316782238,1038.4752303190585
491,958.0229583152337,843.944598857574,1002.6113994226965
492,866.2243342362486,740.1936127308355,931.774844175519
493,855.4744242635594,747.2073088582781,881.3813684094697
494,914.937218024253,817.2319847210185,920.4715022899579
495,705.4787508875988,584.8504044117738,811.7883304558594
496,981.8994988678852,893.1293296105614,973.8771373918021
497,884.3234126323306,770.3460576494767,927.5203741681186
498,917.4355952827428,822.0598151058742,924.4855693664465
499,864.3208760689424,742.4721388208887,917.9366227808258
500,882.6877483970779,756.4125539174836,952.2032304650493
501,939.2538548160077,856.1254357549179,917.3789362539204
502,817.5689830879633,701.0334689642975,867.5442702043506
503,886.9131219843016,763.4751969511501,952.7104661714667
504,766.2311468075542,639.8207933302303,837.8578712566921
505,797.580482582034,667.7383396803914,888.262923370096
506,871.4690053830053,772.5660466357576,878.0883840876069
507,953.2188051258005,852.3041486218244,968.997040612786
508,1009.6946255486378,933.0743448484932,981.1382765524834
509,765.689038394863,634.5135103806545,868.9742358154598
510,879.5000759993322,764.1365330436065,929.9485767696594
511,964.5152168653658,864.849769403095,976.552822456302
512,773.5888152877458,647.7483831184809,842.1439259655824
513,845.5229905612821,722.7232605321597,905.7276821069127
514,874.0772099587822,752.8286956448248,930.740513436256
515,894.3558214567881,772.446995510232,951.9150801856719
516,981.7787715709455,911.7413445040053,933.5389741137934
517,788.7586156158521,668.8430933289088,851.5946268261292
518,938.1360281025151,823.5762627956665,989.0229704651153
519,1052.517184621567,973.5883291123805,1052.9081206283552
520,849.3812909492273,744.2780230791444,881.7269038018675
521,806.6376879522309,668.8970263750043,908.956039939166
522,975.6426099749212,888.1397458694456,963.5911216270875
523,905.4706283767836,792.1029424545793,950.4760600689175
524,802.3764236128981,671.1334077466852,895.7196021770875
525,919.0979973491288,838.1710794496441,904.0993046964622
526,918.7703165770597,824.5586628713945,917.0205612355126
527,825.0093591898253,700.6073582559607,889.2212418647944
528,920.2407963968808,815.8663663221529,940.1591458186647
529,916.514070515919,801.9897335338219,965.8903357669609
530,994.094722623117,888.264823720082,1044.1235698103471
531,840.910755880565,705.9155574791921,931.1701351105866
532,796.9734811363218,670.1511184323101,860.0081551495524
533,1010.6748927715905,916.1471772990916,1034.7556444648367
534,884.4558330573207,759.3145036741919,949.9370936484136
535,832.4996384304427,702.3734395009776,914.3631014618193
536,979.7873691007433,881.6626772911654,991.0135850818422
537,827.7282883654881,705.6469377609113,885.9026929601268
538,919.3249224753158,821.7148452518934,930.8234076249622
539,969.9558966976285,869.3754462662052,983.9953746498795
540,892.34197442709,775.9571616259296,942.0035853745059
541,920.1149863831496,818.4688538778285,934.7239470135656
542,915.5510906738207,831.2453433314636,888.9825104174024
543,984.3239515053432,899.9189023584579,967.6510143185451
544,854.3547963185562,751.3127614938755,882.1110606527286
545,815.1704557681417,701.1257342339424,847.8978447265135
546,748.5144574926102,625.565400874532,837.3996624574308
547,1000.1969866840773,910.7092484883005,1002.4981716436862
548,886.3162645506258,766.0770431744427,939.9661497940481
549,1124.317616099543,1064.146566268554,1132.1008697517732
550,869.894503582115,742.9036473864492,942.2298778169358
551,882.1809278243824,766.6262968005783,932.7227700707365
552,861.8934404883215,735.5941730838313,924.4110857807821
553,902.3291814141115,794.4699870941313,930.8772936166243
554,933.7695929574927,836.5389766419017,940.225599513315
555,846.9282645108888,725.60421310385,901.9275230682317
556,892.2244720288412,757.9477791250957,978.9705626922796
557,843.7994331062575,722.1536803907505,905.7756822242955
558,868.2098232958638,747.4141911559782,919.4700863987864
559,901.1009891261244,793.6379130621146,932.4652224726688
560,878.9463434006257,751.3953506324889,953.9957299812204
561,961.7159002887427,870.9465338824949,954.2720372492487
562,830.5307729100272,702.0454818773208,901.1611022097771
563,861.0960411694915,735.5215281952234,925.9863056362354
564,952.3280271647176,869.0864622377223,926.3979448373673
565,924.8919401484683,820.2953438306228,950.0801302207316
566,1019.4721941310701,912.3984769270314,1067.1001951943974
567,891.2063918338981,771.703277861135,947.9764105579111
568,978.7701527040324,904.3312273244658,954.9408941497072
569,1029.6536551827044,947.67602059662,1030.213040367151
570,833.6085232700257,694.1853745117995,934.3985785703603
571,892.5015812470463,775.3104305271022,939.7998452849822
572,875.4228029073545,744.4872190533398,956.2266812990603
573,865.226101888874,739.6731697705568,927.2850240995583
574,976.1453227961952,889.136125853037,963.5760831995852
575,850.9967515091863,738.1911456241078,885.16880653323
576,824.6564941310301,695.6246643113805,905.5023490373197
577,931.4684342808553,821.0168308228771,962.2883164079159
578,1070.737895719711,1007.4715978393382,1036.9795468964112
579,839.8033034219517,719.683421527871,900.2229855943144
580,1080.3718409902303,1002.0843815434669,1104.669424176813
581,800.110024113668,692.68427970942,850.144987818717
582,942.0924405033495,837.8565604401723,963.6419425967285
583,959.9864834231174,867.1125666663588,962.4935618753957
584,886.1251234405537,784.6913086642046,898.0350218651581
585,994.3971745635133,896.2302165122856,1008.768664664812
586,877.1783386704637,738.4384364691922,973.9405623139404
587,1009.1868466066521,931.2877002373791,986.7746555463
588,906.514659194025,795.5050385646259,937.7298406786456
589,821.0200658863565,691.4646249735277,892.5327243161602
590,1088.6159872609478,1047.6867340858412,1021.2821812818502
591,898.8854076580635,795.6555331511031,921.0653192277267
592,814.5687054840173,690.4077162859758,890.8894437460144
593,821.4824648256408,699.9016087226778,887.745959953507
594,991.7263193914166,903.0616412728042,985.28933294307
595,929.0474168883283,806.5029740893551,992.4723275724538
596,958.1757071576898,860.7104304251483,967.8077850033924
597,998.2422768980222,919.0355060736088,974.7529882291116
598,844.7936134588232,725.890032517779,894.3448480851902
599,949.6391409340268,855.2181027153135,949.5605470522759
600,841.1529229576569,720.0652776638087,898.640996077799
601,928.3120978184578,812.4463072431599,978.8243384073942
602,909.4397008937374,796.82880407566,949.2543328415845
603,873.3142565779651,751.3369822559051,935.3856332346804
604,856.8088779810356,758.5578407716571,876.3776230990284
605,820.0647507937326,691.6829764226972,905.313808852653
606,875.1563416797844,751.9954181839771,934.5140542116126
607,788.2727212246447,652.3357305631674,892.0427241968276
608,869.2355932278886,739.7001410123044,944.466555744675
609,857.211917487477,728.7047977904206,926.9890856623758
610,933.6374349961765,832.3184582747645,946.1723965104262
611,912.4409365029728,798.5756516236614,954.0528900419257
612,737.7436412611443,614.4249329871008,833.271256490921
613,836.5106459966773,729.0236764192811,876.4920250770327
614,924.6297892526721,812.7869102740175,964.3875370561308
615,817.890635761299,695.3874964326374,877.3703561960436
616,962.6509185780247,852.7565069775605,1002.8194467253663
617,791.3400341416998,657.8461600220178,890.5618494880681
618,894.3296132335947,773.8173471340211,949.9888321166263
619,797.4097796753356,658.178708434929,902.9192406298497
620,917.4479640960515,807.1456803423332,953.1675576186284
621,849.4414461278043,725.262280028956,919.0872820146491
622,840.897751486051,714.528191606211,907.2319049657273
623,882.5137187239802,779.8097720290565,897.4714430705129
624,920.1110261959186,828.5226045262987,920.7911502246571
625,803.9115720383351,670.0028932513766,898.5620094104152
626,895.3529010643923,776.9990521626029,948.7964331182745
627,976.3038480593004,875.6232165669319,991.9647709349445
628,803.2168210907199,671.1929415042388,897.3391702907088
629,870.8886306887667,744.948125656659,934.1001837264084
630,821.3847372241078,692.3613158338131,905.4758064184338
631,838.0110227002083,711.445050937978,904.8399830556443
632,1021.8476929817309,928.6211868088394,1049.9361974672306
633,878.7788375247619,762.938051375573,926.2092651377511
634,1062.4115341471838,971.3622809536066,1084.8873848738122
635,997.4811259532337,903.3508854522361,1009.7154885433217
636,938.3700703941444,850.1335179244207,926.164397514011
637,879.3628323442219,760.180082932854,932.9934460391155
638,882.4924298051742,771.9901831956822,919.0689101740896
639,860.3618317146219,738.5778937812836,925.8933220344971
640,890.079230824781,764.8197285275705,953.9744243235045
641,816.2735452647732,680.9579324097454,913.0873084754824
642,939.011125976054,830.3087986492253,967.3535820080917
643,922.0142678400744,807.0608707271875,968.462822375536
644,864.1853633081611,739.7002121036655,931.300885406361
645,980.7808208032519,888.6900856079253,981.8746417146639
646,1077.0713809996182,1013.0660437765509,1048.5199548991773
647,865.9582936980373,729.9397752040607,958.064770108183
648,828.9344176264472,690.6474479172879,926.2879248040341
649,808.8585793992123,673.0468155054343,907.8893661257252
650,921.9285209878425,798.974874193224,989.3176504642942
651,911.1708690011438,805.7900841091025,931.9852924646656
652,847.7624354969098,722.4324135255845,918.2949952534747
653,920.5279519129035,803.7707777627837,972.5468704838212
654,816.4239487803621,688.3368596167452,899.6190424010232
655,943.5810716773467,850.8620244085744,942.3627169409352
656,847.993786310149,717.437323864847,930.5746939243916
657,1041.5059118698325,964.7075947624253,1015.0533569754366
658,780.1661810890396,646.2500184871193,881.9783414396527
659,833.0074072182774,709.2760727616937,893.66049895819
660,917.7414261270843,810.0764262726992,947.5370943591947
661,793.1102758753465,664.0603935290666,874.9246499271366
662,828.5930866996026,698.4193310164694,911.821148946873
663,788.5025258090865,662.0796081704685,852.7281847836902
664,816.8247244632113,692.3855776450818,880.5383674354786
665,880.423477801891,750.040468223731,960.3844683486536
666,811.7058020673517,678.7324567491744,904.138411428514
667,1002.4692828178729,911.704394608174,1008.8655923829393
668,810.2527569430326,690.5712640602438,876.3138379006249
669,935.2608996257607,815.5124550437453,995.1503388552438
670,793.5070142824273,671.3436483870889,857.4352664041468
671,1010.0050444349598,919.040907881928,1025.4276554499313
672,950.9345368040919,851.2163029528415,960.4051844458356
673,1022.4207350967374,934.1887853347587,1033.053466826511
674,776.733054538303,640.7037171674871,883.9855586430723
675,941.9659591853855,844.3777132987555,951.4664267320436
676,753.4198955233658,627.8997849296198,844.1739601793212
677,926.5062727358462,814.1297654574059,970.7033799463261
678,879.6467206180316,752.8013921715885,953.1731904436367
679,998.912562027724,926.7390005607003,959.5268099187034
680,875.6176620377429,741.3598238032098,961.9683668015199
681,908.7426061785249,812.9992210529424,917.2913874160042
682,793.1539954235266,670.0762741260116,858.8184655087605
683,815.8908307275015,689.4695185503812,884.786348229123
684,1047.8916798619027,957.3755355791305,1086.5533547491007
685,893.2793068109486,793.0094061810503,910.9366322867214
686,907.0510237932841,799.8485471480187,935.7090769773806
687,975.8354773733035,868.3623054113659,1007.207379181025
688,984.4718731329012,884.6171978103808,1010.4649370106895
689,1006.1733531031077,898.6377949379767,1045.2910668650202
690,859.2648266186139,728.4396980659546,941.1349018023828
691,818.2080687057489,688.1255164294998,891.1791698687746
692,777.5215224508955,644.1118560463948,871.6132170124262
693,946.6540757991185,850.8776820308113,948.8681606917291
694,1126.7500240873874,1078.1562026487131,1093.7357364214022
695,778.389231966,643.7551208905963,874.4221918952737
696,830.325251172432,703.0118250482325,897.0550282421498
697,803.8241019656249,680.744089416381,880.4110583609444
698,987.9749992101208,903.810200009664,972.1804466342842
699,1049.4569851825458,962.4487909553393,1080.0975744351683
700,900.0623400553143,799.9846135564477,916.9405400612126
701,937.3070010953212,830.9143277296375,964.3650402245746
702,947.3735702784368,862.6906102149208,947.463726840316
703,832.9286348567416,700.274600888331,920.9787025261031
704,850.2707934807867,725.8092945938854,915.6446271851687
705,900.8344323241009,802.1134908790882,914.9927706894927
706,835.9457824352264,711.0113714147451,904.4125251091781
707,831.6491121968962,698.0754367444354,919.6268719063156
708,855.1717900605347,722.7464221910876,942.0493721087528
709,966.1994493317894,882.9646780795855,949.1547792500185
710,919.7808858809814,804.4476914918162,968.6672467597612
711,790.8406002616734,671.3632825830816,865.7151559223223
712,796.2025946075833,662.8291947568899,892.446921935502
713,826.2748993546207,692.3744052087113,919.1119445089902
714,910.8686980538258,799.6115829688217,943.4990432769372
715,860.564235172083,725.7240247710168,949.1400990219165
716,904.6965252009938,776.3341779960799,981.0837833491626
717,956.5673676325798,843.5813533268429,1003.3912429094207
718,902.3374624068141,786.5122573626165,949.3564605164805
719,832.5902079392217,721.3531830423144,879.3006880573992
720,857.530127552281,734.7326440271942,914.9700767780722
721,896.986755842806,785.3427350811049,928.7677185801609
722,961.2264833442434,854.6385604288256,993.0156690400914
723,752.863501779503,623.4694925977974,851.1490021423015
724,817.8657354679231,697.3024582485818,883.2392847075524
725,891.5646376953296,769.2876564111705,953.3871966556511
726,784.4700397842722,667.3023075539896,854.4317677834119
727,982.9591840330622,882.1712309315443,1010.2842495178161
728,936.9031259769524,828.0040631671912,973.8819581337979
729,990.965028738596,925.5333232124194,934.9780789213792
730,786.7950480785471,661.4889284027978,873.04110893283
731,928.6762370853878,842.0947468287025,932.3316833328215
732,801.5016989550516,678.4692572349788,875.1787016966562
733,807.384777801859,674.3474992499803,899.1767848395717
734,805.8540703628407,682.9501901867466,868.774580921509
735,960.8662498496626,880.2811574281442,947.5254943015008
736,878.6518467235991,754.7387511929932,937.9751250139321
737,1129.4111227720682,1059.3531106838118,1136.7358605384723
738,956.3952921409975,877.2096682630366,929.0657959378959
739,992.769690086202,887.2827050484755,1035.294729812842
740,939.6195837727546,860.552680994442,909.9731211924442
741,1063.3239194329312,998.8655746037781,1015.3042191863987
742,847.5401864795685,723.7253683180535,909.1547753011608
743,962.4687800046198,876.3803133348085,946.9777521478087
744,823.299645880709,686.9698649046163,899.3825423936297
745,753.1033896640025,622.9222735659617,851.2976749044199
746,846.5027775470681,728.1447916359142,896.6926219765706
747,1119.026255356272,1060.9806957092337,1112.122984140175
748,868.6283809170654,732.3160106429415,961.1610462502133
749,874.0033545837102,752.0258763820099,932.5004965495285
750,839.1650370397152,749.4920411040533,849.3576274681557
751,1029.6237030440416,945.2916336761662,1031.3308457694254
752,789.1655108899486,655.5094349256076,887.6989845855495
753,946.2012757149521,843.1255372930489,965.3033209212565
754,989.6831336197941,886.197920706356,1023.5205960065211
755,984.4870388071411,895.2642872700827,980.1485168556687
756,789.2015176643104,663.4665317113081,861.4516943577098
757,847.9219309492051,725.8352193514326,904.7075854353835
758,1118.079064504155,1051.7174610547363,1148.7598884415402
759,911.1687453049334,797.6832085309188,957.2275091209807
760,941.4086591382423,860.7129251480188,908.7069177860908
761,896.7732827838054,784.2290420465981,930.2065380248575
762,865.5747141802219,743.6074535989923,921.7902718211108
763,961.5405036269419,889.4413136098915,933.8437617846905
764,940.7013390771508,830.7712460961816,981.0188124092407
765,942.5073757273562,847.6481519608308,946.0918638456267
766,1054.2875759952994,996.2212561187787,1004.8144635296127
767,901.0853348454226,797.9764916765357,916.6968306656022
768,805.7186653993766,674.9087962501735,897.6498771985979
769,1058.100277792349,992.402964181641,1029.6755649050476
770,988.5695119428253,901.4930724466749,978.0792840915558
771,1055.7274217856193,979.2006955665006,1034.2971342221992
772,829.8992364303416,713.2862665260313,878.7353175839089
773,823.9551094278513,727.0225305725828,849.6907581113388
774,823.4670064019248,719.4938033543577,860.1317334591437
775,887.6766858242935,764.2400739353388,951.8513109295344
776,960.7957341268067,882.1220353898946,926.5066208286953
777,967.1004059148584,876.0541776790932,961.9137761603556
778,940.1639714907459,832.3671520465662,974.1133002906097
779,972.72301274045,863.4500946150796,1007.3924078747269
780,835.2276480153572,703.1056969855198,921.8287765380231
781,941.335777859678,829.1380255437277,984.3992096047389
782,934.4527937405608,820.0523104962094,984.6880541788032
783,792.5667435627303,666.5429661078788,855.1466950634266
784,970.8819576527831,851.292312831747,1032.841918975558
785,975.4561033962789,892.3363400772457,955.2153240444491
786,840.6106708438535,710.2065616957556,923.9013255078528
787,820.9239271129479,683.5948666247767,920.1438623745591
788,916.5491912597203,815.6580541544804,928.4293256910981
789,791.2738598264333,666.5464193885201,874.1446623485616
790,899.5442730275645,779.3287671515618,953.2899443950358
791,1057.1740141489133,975.7117584416004,1074.800190660167
792,1023.3242923293759,934.097361753538,1042.1904507777779
793,797.9999488926935,666.0787450388472,893.1778212847549
794,910.297650283879,779.5656683385132,991.5270956301415
795,944.0528655929744,839.5879681553796,966.274845162663
796,788.5056837117361,662.2348661093533,875.6850643006419
797,974.0125888245825,865.9917532668585,1005.854858067707
798,973.9121753094026,869.2618719755484,1011.0671368734146
799,967.714857398872,865.1279084118614,992.0052038434145
800,941.5405299097247,849.9291285430731,935.3528173452571
801,944.751308071955,835.1518665858231,983.0738780741805
802,870.8668920791324,754.4124952737849,914.4218873012588
803,962.1102869798261,854.5222577569418,990.4904585016138
804,899.1200556439192,780.0657766500922,955.114269372418
805,818.9740459306615,686.944016116146,908.235260507686
806,934.3202513630492,823.4466107548726,966.2809129563572
807,910.9036144219308,794.7290913058855,955.7078521037386
808,853.8470704629844,721.6391917824055,936.3882726151849
809,823.3978678578437,696.7598128319806,891.543393689913
810,875.3938448334029,751.959752326215,936.6461099464289
811,946.0222602450526,855.4871554044972,938.1142407266507
812,916.1841664785135,800.1012919651236,968.336539960807
813,813.4797644665091,676.9489308655961,911.1615336720926
814,863.6077449807125,728.5567191183325,952.0913801272236
815,838.9395504501806,718.0487325017176,892.5826404119173
816,865.1210357992651,750.4594646082369,916.0053013036745
817,874.8902821682639,745.787180325126,954.6197297545436
818,1005.1647619567987,922.3889877653428,992.8958312288095
819,866.2788077369232,736.7992574595121,945.3293767574526
820,884.1171370845125,764.1129004706471,942.5016875945784
821,847.7134989355886,724.8998267807367,904.9869992822792
822,943.4381637941046,857.8530463416076,927.3762282438819
823,826.0712627135217,691.5838915119199,917.5013535392326
824,734.610016356517,611.6031901956235,830.0758840345022
825,932.0680669931489,824.2736033505264,965.7315031404363
826,834.5225534277931,697.5830179739027,929.0700654723273
827,859.2007893766726,746.7085164745763,892.2695110093902
828,978.5910694449644,883.7162919391251,985.258099213564
829,930.9596786403688,801.0611127616369,1011.9928772469941
830,811.7736076484355,675.6577872765336,907.8161577480263
831,852.3388803630673,737.6577401034314,902.2436424119629
832,816.2956343741783,694.6223058263361,875.2931084919628
833,815.6545835847379,691.3205207399348,880.8707543760863
834,790.5200192954163,656.8420876503294,880.667417419996
835,956.011192481692,854.3929318140838,974.0109038156419
836,882.6051476379823,758.0262817325565,951.2948397369714
837,871.9558160202904,743.4605767723942,948.4387582501189
838,957.387703336959,857.7586835734681,968.4514853439803
839,815.8476484812132,684.9565350114531,905.5548926907852
840,748.5793586625231,613.778733713664,856.5732490572789
841,968.896602606287,872.0038292878762,975.6923228036808
842,1048.4746333337903,967.0757494564903,1035.3835501727585
843,881.1609723552357,745.8475130091938,969.3150730501636
844,1117.0716568667199,1067.7152167083593,1076.282363589399
845,1052.9205381750194,973.3712390610133,1059.2759151565153
846,975.967362101719,868.3385826854918,1021.0864843203607
847,1011.0141723822414,922.8885515620202,1014.0720382139971
848,871.7228220086618,751.0590050579566,931.9300866508196
849,964.5988566837452,884.099823834935,934.8803911321037
850,856.0291156086245,724.7852542378553,938.6339977206782
851,847.5294006629986,729.1605067708427,902.2099676049353
852,798.2274603462291,664.8370850960313,893.460091341271
853,741.6923058783556,618.6536913414976,833.8986322536997
854,804.4751594275513,684.1287877139812,876.9697670283905
855,885.2066753038565,748.0193943446444,979.626755839067
856,986.2196679137562,892.7396676828664,988.5159422408816
857,1094.8523333930293,1021.4466489772111,1116.6691442609308
858,813.68011917952,680.3611314161965,907.603806607708
859,794.9328050609117,665.7767925106191,863.6252743006709
860,938.1747163367505,808.6756756397374,1021.1617308649328
861,874.5281631000912,744.0978454100004,954.7557145381264
862,812.8449044974512,675.9413925471836,910.8384553992598
863,913.3131656857033,817.0624157071713,921.963861952757
864,890.7929969548484,777.6782016897735,931.4420432081374
865,821.6188291317644,700.7250966699849,887.1132234758402
866,897.4248226587147,780.5348824883195,944.893083162729
867,947.6035804236486,835.568151953031,992.1646263120978
868,843.1291467065723,723.2067171984427,898.2254025546248
869,1023.8811754876667,960.543582280613,972.9398464537974
870,901.3292460992088,783.9767088961169,950.700604385886
871,1039.758226944791,959.6148741108816,1038.8195659990313
872,900.6980955244555,776.0212052505744,969.3564080611554
873,843.9318335313556,704.1308551288297,944.2266755941508
874,960.34818401576,883.6066986570469,928.7136852433507
875,829.4184113795191,710.5688208316739,880.6441615866352
876,840.7144385244064,702.7988976218455,938.1707728474147
877,854.0618453732144,735.5783512174683,908.4727582089577
878,895.8948749822498,778.5703475833925,948.9128669876429
879,867.782004044047,738.8118883648115,938.7259501085376
880,770.3482699920677,634.2906457887389,872.465954830384
881,879.7650134834,780.1867866655757,898.0007101458326
882,935.1682468122515,857.0659480112658,897.069619687018
883,825.4902632084943,712.5396905921918,876.1682323456026
884,807.5712854564633,672.7744239328015,883.0641710969672
885,1007.0935638219925,916.3255692904017,1018.6915668825445
886,864.1402117954193,737.2732308213815,936.9619868028672
887,860.5904481824291,730.7230221765586,942.7216556828636
888,950.9695133991607,823.727229645364,1027.695120126632
889,933.2725944942406,839.9515914613872,931.7025341540322
890,866.0203515792851,736.0983710730341,947.5964226640195
891,877.9556429246204,751.1245014335345,950.496602923567
892,881.4703001430722,748.0363952118436,964.0320013982027
893,907.749921011547,777.0618900283544,987.5888055809509
894,924.1902563459169,803.96036483339,978.6622739006782
895,888.2673121922172,787.2017293758056,908.3169541845328
896,780.4304116303291,647.651003230098,858.5546650002574
897,907.9164791965025,796.5270942850848,946.2561071228155
898,960.1408358415408,850.6866486818159,999.6792532485142
899,1046.3705661094637,978.4424195751947,1017.9934597296891
900,990.5478801291747,919.3798664714926,946.8456359947518
901,834.9160837429946,754.5715492270801,819.5282056794725
902,815.735701452815,684.1716585426723,904.2686572167022
903,866.480438469572,735.6500162593104,940.7215763953212
904,944.0593214307106,837.5777165631679,971.2892882864088
905,827.5023769650851,694.6508744280935,914.463922570494
906,825.1842181527343,693.3900016351706,914.846122173302
907,913.1344183987734,831.7016140697242,908.9939349672678
908,820.4057564142479,684.3934902031157,917.5971563322065
909,996.6417690478338,910.6241263665918,988.5977138830391
910,969.6767941399444,867.6281536121764,987.4989434373811
911,919.9343322639719,809.1480299663376,957.4306525742683
912,871.4853212414971,747.6877013352473,929.9854020100444
913,771.4892030781009,651.1822596386999,839.1299582141716
914,868.5874901636362,746.0895403722237,931.9502870951563
915,904.9368399506267,800.9819117124275,921.974833661338
916,792.9323561229858,668.9513875700216,873.5034252955315
917,911.1865270561623,820.0540170021816,911.9192333905326
918,897.4144442518949,800.0460941452958,909.7269380461079
919,864.9371457347279,752.9482193689581,906.6103145574075
920,757.9909729477748,634.7572344494757,826.2870385811558
921,851.0106996410564,710.5609732746983,951.5670820905137
922,969.0963541885194,863.2148115663593,1003.7427269647031
923,831.4659007483491,702.903846988044,899.7395935499716
924,793.758819735618,666.1218018575571,868.1954285543887
925,854.291023671786,726.8652932649575,919.651331316035
926,987.3963868934158,918.9737956672391,950.5759664833554
927,916.2633487184853,803.3011551088576,959.156933667682
928,997.9749537935863,899.2205026057436,1027.991322085132
929,959.6979096704929,842.5445133804806,1016.8807152612751
930,1119.0788251266404,1056.4550095266075,1128.5530456422043
931,855.9992573281983,730.4123776393652,918.6558056101394
932,951.0575074047737,845.9583175236239,978.3449472697555
933,970.5634998948129,875.3462021089509,980.0745557269415
934,881.1837273445325,804.3225949003005,873.9095979782242
935,814.2000514927201,708.2226760443107,856.6538516020721
936,898.926447968577,790.7650480558045,930.620895204908
937,904.7941961327592,793.7373319065412,940.5676778968868
938,901.6583035550848,773.2791958045893,977.933017033646
939,791.5805419111709,674.5003076352034,851.7600447852327
940,779.7417739914999,657.442342367543,848.607929990435
941,887.1678057248591,778.0499346939762,921.6160268023598
942,863.2345936388507,752.049620780419,904.7292176758441
943,851.5783974276447,723.6622641301856,922.9921184711584
944,917.0738582438868,837.0981318093934,887.6565523576346
945,820.1140649175095,695.8391444297795,883.1109252193505
946,825.5141376971809,691.9681417839594,916.2060276088818
947,817.5667408463612,693.3944490433414,880.5084756760449
948,801.1359769289255,666.9885063109466,875.3336579200688
949,1047.7997603854506,978.0607489965228,1023.9303423515344
950,937.7423468576599,828.7810719108411,972.9276051626914
951,969.3518272807222,862.5949149340308,1004.3527333328784
952,908.1114637035494,778.8766316237668,989.0325114383567
953,836.6482403590779,709.5854434420502,904.681996217742
954,988.1011636284561,914.6060796862283,963.335311246867
955,913.4852180185852,797.6254439215758,957.7777241691596
956,956.7228552797817,847.9503045829713,996.9901119531906
957,775.0099662826981,650.3935956464486,841.0629230417321
958,923.2223367714641,819.4437403516225,945.9198542046804
959,785.7661378594821,648.8821804486117,891.6640056786467
960,833.4907274981325,698.6604483586459,924.5072244036329
961,838.5824508245006,710.63592565629,905.7409950563357
962,1028.0964755523662,940.2647581810106,1043.6843713110143
963,777.0317344009577,646.6090690722529,875.7350828274411
964,958.942142553176,858.8163628122848,975.3616270874929
965,984.1186608791662,879.863774131963,1019.6199916600468
966,1001.3633372754218,919.5360684287953,985.1353586474871
967,903.3474811969302,795.0668879069324,928.9270609250534
968,962.9773043647556,855.3415613840393,997.6707998654971
969,886.359532352589,756.2203521452968,962.8082334708412
970,1037.418720451974,945.2556950815261,1074.558850832221
971,781.4343856256509,652.6148023406506,874.023361742018
972,853.7712625777924,728.008109107334,918.6713415300542
973,930.1874835114193,816.1093762064484,974.6958719803973
974,790.824284663142,666.8106222689561,874.023909513295
975,939.5340273608488,813.8709238252721,1007.305940856435
976,1024.4159619966779,928.4782271764566,1066.5896471122003
977,838.4854967091416,706.6664794784668,923.1857721606318
978,809.7314773148717,681.835015950513,891.8205022899323
979,885.3563640873604,752.4682522696417,969.7312273903847
980,1054.5941325046333,966.6970067857884,1089.6629893365268
981,875.0198536749845,748.8844509227022,937.6016516191305
982,952.5825016610816,844.2051509376347,985.6027803704193
983,909.4379405752345,792.0732167802157,957.6389113808337
984,839.726898047061,707.7984865662366,927.4313676403285
985,1009.2973108456416,913.5244127362378,1023.2008121418278
986,816.8513014307202,688.3512976180858,889.1079631480624
987,1067.2540950368075,994.1408416005676,1065.7491724884958
988,745.2834206480347,617.7520209606101,843.7689745189888
989,904.2592826242116,789.7681124161118,947.3377642182517
990,875.1267213228364,783.8141510128439,891.7960294090208
991,975.7740158356931,884.1570765340235,972.8784695041072
992,859.4515408115798,742.1396101105302,907.4755966572683
993,868.1815643970838,740.2341725318045,937.2906146343748
994,888.5682980081618,767.8933025030888,943.2173926909636
995,915.7522071578925,802.6459393356445,957.9896098050846
996,817.6520561989664,692.2197864870741,891.120015328309
997,1001.1162494573983,938.5438489974567,941.2642986388871
998,806.0278538502679,671.2413440568237,901.3991345882184
999,839.2595965379417,708.3530796241193,922.5929975686918
1000,795.1006188615265,660.7505199488737,894.9114847862344
1001,1044.220788549025,978.622896572401,992.8877454346127
1002,948.424795169459,836.6325974912552,983.2230629700322
1003,974.4500484041208,873.7100863762228,993.2357090432774
1004,1051.1192801586599,949.9378631123999,1095.4602940970485
1005,934.4289922298263,830.9631061446446,956.8648785582284
1006,809.1242067539201,687.4756150120281,878.3615772351163
1007,925.3265192883255,831.8211342555514,922.9467934803238
1008,808.7391249116988,668.7109761780796,912.9856037203754
1009,945.1049636044734,867.1493659351785,907.2902230940006
1010,857.2270532909865,721.9605922232716,948.767422630002
1011,861.7537098940469,737.3829496913966,921.951019361434
1012,894.497565638684,780.4802698099022,930.2619397940312
1013,932.3242936303844,825.0492292532097,958.9440982611094
1014,872.9779346409732,760.8533117459324,904.7271676716073
1015,769.4926366687117,639.5022247192795,861.7264144437898
1016,901.5495758962991,786.8385462561071,939.4300145258242
1017,834.6269188622136,710.8400391310561,901.6510993283925
1018,968.9258337520266,865.3861674417002,996.7604339962902
1019,888.91644849659,758.6212388085085,970.8912904475156
1020,761.2632067130501,634.152161134568,858.6371446583598
1021,953.23127712006,857.2419054059412,954.5941747066619
1022,843.519036637399,706.7685922212315,936.8560097263837
1023,1089.4768563588252,1018.5488171770379,1096.6723078781358
1024,769.5334845491153,632.0676809613584,873.0513413459907
